{
    "total_fiber": 26.480000000000004,
    "total_sugar": 5.13,
    "total_calo": 2036.0200000000002,
    "total_carbohydrat": 220.05,
    "total_protein": 165.17999999999998,
    "total_fat": 52.12,
    "total_sodium": 7.423968535625,
    "total_cholesterol": 0.11744974440625001,
    "total_cost": 307944.16000000003,
    "total_count": 5
}