{
    "total_fiber": 23.419999999999995,
    "total_sugar": 6.67,
    "total_calo": 2020.33,
    "total_carbohydrat": 140.43,
    "total_protein": 160.42,
    "total_fat": 88.77000000000001,
    "total_sodium": 2.8421940625,
    "total_cholesterol": 0.4483636750000001,
    "total_cost": 274374.79000000004,
    "total_count": 4
}