{
    "total_fiber": 25.409999999999997,
    "total_sugar": 5.609999999999999,
    "total_calo": 2000.9000000000003,
    "total_carbohydrat": 210.07999999999998,
    "total_protein": 120.52,
    "total_fat": 73.91,
    "total_sodium": 7.05182800625,
    "total_cholesterol": 0.21808622625000001,
    "total_cost": 249351.96000000002,
    "total_count": 4
}