{
    "total_fiber": 25.13,
    "total_sugar": 7.93,
    "total_calo": 1964.2599999999998,
    "total_carbohydrat": 94.13,
    "total_protein": 26.93,
    "total_fat": 161.74,
    "total_sodium": 1.13123215,
    "total_cholesterol": 0.032923533000000005,
    "total_cost": 303064.88,
    "total_count": 3
}