{
    "total_fiber": 25.240000000000002,
    "total_sugar": 9.69,
    "total_calo": 2036.1100000000001,
    "total_carbohydrat": 263.36,
    "total_protein": 71.36000000000001,
    "total_fat": 70.75,
    "total_sodium": 3.6533596624999998,
    "total_cholesterol": 0.12036600000000001,
    "total_cost": 303409.72000000003,
    "total_count": 4
}