{
    "total_fiber": 24.84,
    "total_sugar": 9.3,
    "total_calo": 1982.0700000000002,
    "total_carbohydrat": 110.12,
    "total_protein": 185.28,
    "total_fat": 89.61000000000001,
    "total_sodium": 2.59837235125,
    "total_cholesterol": 0.0708681213125,
    "total_cost": 179369.72,
    "total_count": 4
}