{
    "total_fiber": 24.919999999999998,
    "total_sugar": 11.01,
    "total_calo": 1995.21,
    "total_carbohydrat": 233.9,
    "total_protein": 72.38,
    "total_fat": 80.66,
    "total_sodium": 2.1300347000000004,
    "total_cholesterol": 0.092488585,
    "total_cost": 273105.93,
    "total_count": 4
}