{
    "total_fiber": 25.96,
    "total_sugar": 5.239999999999999,
    "total_calo": 2142.19,
    "total_carbohydrat": 227.17000000000002,
    "total_protein": 177.79,
    "total_fat": 55.059999999999995,
    "total_sodium": 7.385954367500001,
    "total_cholesterol": 0.134059541625,
    "total_cost": 310363.06,
    "total_count": 5
}