{
    "total_fiber": 25.419999999999998,
    "total_sugar": 17.97,
    "total_calo": 2124.9,
    "total_carbohydrat": 194.2,
    "total_protein": 89.52,
    "total_fat": 101.78999999999999,
    "total_sodium": 1.829350225,
    "total_cholesterol": 0.392436654,
    "total_cost": 304139.87,
    "total_count": 5
}