{
    "total_fiber": 25.35,
    "total_sugar": 10.67,
    "total_calo": 2081.37,
    "total_carbohydrat": 158.44,
    "total_protein": 61.65,
    "total_fat": 126.47,
    "total_sodium": 0.43573836999999993,
    "total_cholesterol": 0.08623934875,
    "total_cost": 303160.54000000004,
    "total_count": 4
}