{
    "total_fiber": 26.740000000000002,
    "total_sugar": 9.02,
    "total_calo": 2101.98,
    "total_carbohydrat": 33.660000000000004,
    "total_protein": 90.39,
    "total_fat": 180.86999999999995,
    "total_sodium": 4.105633442499999,
    "total_cholesterol": 0.11813270625,
    "total_cost": 225512.28000000003,
    "total_count": 4
}