{
    "total_fiber": 24.660000000000004,
    "total_sugar": 13.450000000000001,
    "total_calo": 2069.67,
    "total_carbohydrat": 281.96000000000004,
    "total_protein": 62.71,
    "total_fat": 73.46,
    "total_sodium": 2.859114392187499,
    "total_cholesterol": 0.03551286625,
    "total_cost": 243844.61,
    "total_count": 5
}