{
    "total_fiber": 25.290000000000003,
    "total_sugar": 24.28,
    "total_calo": 2112.1600000000003,
    "total_carbohydrat": 176.61,
    "total_protein": 178.53,
    "total_fat": 71.21,
    "total_sodium": 3.1303354906250003,
    "total_cholesterol": 0.14914243128125002,
    "total_cost": 300023.72,
    "total_count": 4
}