{
    "total_fiber": 25.009999999999998,
    "total_sugar": 17.810000000000002,
    "total_calo": 2101.39,
    "total_carbohydrat": 233.13,
    "total_protein": 67.91999999999999,
    "total_fat": 94.81,
    "total_sodium": 1.7730655562500002,
    "total_cholesterol": 0.168781787,
    "total_cost": 301745.15,
    "total_count": 5
}