{
    "total_fiber": 25.19,
    "total_sugar": 26.41,
    "total_calo": 2112.61,
    "total_carbohydrat": 245.25,
    "total_protein": 131.32,
    "total_fat": 65.73,
    "total_sodium": 0.659756724375,
    "total_cholesterol": 0.31098465146874993,
    "total_cost": 300778.6,
    "total_count": 4
}