{
    "total_fiber": 24.830000000000002,
    "total_sugar": 27.89,
    "total_calo": 2083.1,
    "total_carbohydrat": 228.31,
    "total_protein": 93.09,
    "total_fat": 82.98,
    "total_sodium": 1.7416025412499998,
    "total_cholesterol": 0.18151797575,
    "total_cost": 298246.01,
    "total_count": 4
}