{
    "total_fiber": 24.869999999999997,
    "total_sugar": 28.09,
    "total_calo": 2090.73,
    "total_carbohydrat": 292.26,
    "total_protein": 89.07,
    "total_fat": 56.79,
    "total_sodium": 0.9155811062500001,
    "total_cholesterol": 0.12020094249999998,
    "total_cost": 245722.21999999997,
    "total_count": 4
}