{
    "total_fiber": 25.410000000000004,
    "total_sugar": 25.580000000000002,
    "total_calo": 2092.08,
    "total_carbohydrat": 267.95,
    "total_protein": 77.46000000000001,
    "total_fat": 73.14999999999999,
    "total_sodium": 1.3756958250000002,
    "total_cholesterol": 0.15219662750000001,
    "total_cost": 297814.32,
    "total_count": 4
}