{
    "total_fiber": 26.75,
    "total_sugar": 7.33,
    "total_calo": 2151.99,
    "total_carbohydrat": 124.35,
    "total_protein": 31.66,
    "total_fat": 169.93999999999997,
    "total_sodium": 6.915493994999999,
    "total_cholesterol": 0.07404379874999999,
    "total_cost": 307560.38,
    "total_count": 4
}