{
    "total_fiber": 25.000000000000004,
    "total_sugar": 19.669999999999998,
    "total_calo": 2103.25,
    "total_carbohydrat": 171.7,
    "total_protein": 75.97,
    "total_fat": 110.41999999999999,
    "total_sodium": 0.5641285312500001,
    "total_cholesterol": 0.47564853287500003,
    "total_cost": 181679.27000000002,
    "total_count": 4
}