{
    "total_fiber": 25.14,
    "total_sugar": 35.17,
    "total_calo": 2097.9,
    "total_carbohydrat": 175.09,
    "total_protein": 124.24,
    "total_fat": 95.44000000000001,
    "total_sodium": 3.3748149800000005,
    "total_cholesterol": 0.284122525,
    "total_cost": 300820.27,
    "total_count": 4
}