{
    "total_fiber": 25.55,
    "total_sugar": 56.5,
    "total_calo": 2152.5,
    "total_carbohydrat": 246.93,
    "total_protein": 83.14,
    "total_fat": 86.93999999999998,
    "total_sodium": 2.8811619500000005,
    "total_cholesterol": 0.1966812175,
    "total_cost": 308291.49,
    "total_count": 4
}