{
    "total_fiber": 24.59,
    "total_sugar": 54.32,
    "total_calo": 2023.06,
    "total_carbohydrat": 180.38,
    "total_protein": 73.6,
    "total_fat": 107.47,
    "total_sodium": 3.1466513000000003,
    "total_cholesterol": 0.15670154449999998,
    "total_cost": 297110.93,
    "total_count": 4
}