{
    "total_fiber": 24.669999999999998,
    "total_sugar": 28.89,
    "total_calo": 2069.3300000000004,
    "total_carbohydrat": 262.36,
    "total_protein": 74.27000000000001,
    "total_fat": 74.11,
    "total_sodium": 0.7106280712499999,
    "total_cholesterol": 0.07142865449999998,
    "total_cost": 261299.1,
    "total_count": 4
}