{
    "total_fiber": 24.89,
    "total_sugar": 22.4,
    "total_calo": 2082.9,
    "total_carbohydrat": 161.37,
    "total_protein": 124.81,
    "total_fat": 104.39999999999999,
    "total_sodium": 4.369295170312499,
    "total_cholesterol": 0.38553139575000006,
    "total_cost": 298337.23,
    "total_count": 6
}