{
    "total_fiber": 25.040000000000006,
    "total_sugar": 31.799999999999997,
    "total_calo": 2092.65,
    "total_carbohydrat": 243.48,
    "total_protein": 63.72,
    "total_fat": 90.97,
    "total_sodium": 1.9417516000000004,
    "total_cholesterol": 0.0194671495,
    "total_cost": 300770.58,
    "total_count": 5
}