{
    "total_fiber": 25.03,
    "total_sugar": 8.530000000000001,
    "total_calo": 2107.21,
    "total_carbohydrat": 48.86,
    "total_protein": 206.32999999999998,
    "total_fat": 120.80000000000001,
    "total_sodium": 2.1541659025,
    "total_cholesterol": 0.519329126,
    "total_cost": 301290.38,
    "total_count": 5
}