{
    "total_fiber": 24.459999999999997,
    "total_sugar": 26.95,
    "total_calo": 2072.49,
    "total_carbohydrat": 146.16000000000003,
    "total_protein": 34.75,
    "total_fat": 140.51000000000002,
    "total_sodium": 2.217176625,
    "total_cholesterol": 0.148378932,
    "total_cost": 241803.08000000002,
    "total_count": 5
}