{
    "total_fiber": 25.0,
    "total_sugar": 15.299999999999999,
    "total_calo": 2093.37,
    "total_carbohydrat": 214.41000000000003,
    "total_protein": 69.24000000000001,
    "total_fat": 101.77,
    "total_sodium": 2.493077609375,
    "total_cholesterol": 0.15749875625000004,
    "total_cost": 298712.01,
    "total_count": 5
}