{
    "total_fiber": 25.740000000000002,
    "total_sugar": 8.27,
    "total_calo": 2145.95,
    "total_carbohydrat": 292.37,
    "total_protein": 101.75,
    "total_fat": 58.19,
    "total_sodium": 6.4692493749999995,
    "total_cholesterol": 0.14737750000000002,
    "total_cost": 306970.42,
    "total_count": 4
}