{
    "total_fiber": 23.44,
    "total_sugar": 7.59,
    "total_calo": 2091.61,
    "total_carbohydrat": 37.39,
    "total_protein": 59.809999999999995,
    "total_fat": 191.84,
    "total_sodium": 3.8678063962500002,
    "total_cholesterol": 0.18039195275,
    "total_cost": 184426.24,
    "total_count": 4
}