{
    "total_fiber": 24.88,
    "total_sugar": 10.469999999999999,
    "total_calo": 2104.55,
    "total_carbohydrat": 114.4,
    "total_protein": 113.06,
    "total_fat": 131.0,
    "total_sodium": 2.2405263575000003,
    "total_cholesterol": 0.29804598199999993,
    "total_cost": 301507.37,
    "total_count": 4
}