{
    "total_fiber": 25.74,
    "total_sugar": 8.27,
    "total_calo": 2072.63,
    "total_carbohydrat": 163.1,
    "total_protein": 43.230000000000004,
    "total_fat": 140.2,
    "total_sodium": 7.2949114525,
    "total_cholesterol": 0.13376029375,
    "total_cost": 239388.66,
    "total_count": 4
}