{
    "total_fiber": 24.909999999999997,
    "total_sugar": 9.52,
    "total_calo": 2104.4300000000003,
    "total_carbohydrat": 227.16000000000003,
    "total_protein": 55.75,
    "total_fat": 103.08,
    "total_sodium": 0.648353155,
    "total_cholesterol": 0.0866768,
    "total_cost": 201023.78999999998,
    "total_count": 3
}