{
    "total_fiber": 24.91,
    "total_sugar": 11.440000000000001,
    "total_calo": 2101.85,
    "total_carbohydrat": 150.07999999999998,
    "total_protein": 105.2,
    "total_fat": 118.58,
    "total_sodium": 1.9974538200000005,
    "total_cholesterol": 0.27029404825,
    "total_cost": 300871.76,
    "total_count": 4
}