{
    "total_fiber": 24.84,
    "total_sugar": 12.690000000000001,
    "total_calo": 2090.47,
    "total_carbohydrat": 272.71,
    "total_protein": 59.809999999999995,
    "total_fat": 79.16,
    "total_sodium": 1.3281820587500002,
    "total_cholesterol": 0.02914921165625,
    "total_cost": 301674.72,
    "total_count": 4
}