{
    "total_fiber": 24.860000000000003,
    "total_sugar": 15.57,
    "total_calo": 2083.2999999999997,
    "total_carbohydrat": 248.6,
    "total_protein": 101.3,
    "total_fat": 71.75,
    "total_sodium": 1.9295322000000001,
    "total_cholesterol": 0.27350723250000003,
    "total_cost": 261587.95,
    "total_count": 4
}